prod_post_id,dev_post_id
34531,53134
34541,53135
46393,53095
46051,53096
44055,53098
52074,53099
35370,53100
40281,53101
46058,53102
34555,53104
38042,53105
52512,53118
52410,53120
52959,54616
52942,54612
33002,53045
52174,53107
52558,53132
45805,53108
46095,53109
52186,53110
34604,53111
34598,53112
34562,53113
52362,53114
32979,53115
42066,53116
33375,53117
52986,54618
36697,53121
34568,53122
38005,53123
42216,53124
34574,53125
33366,53126
39986,53127
34580,53128
52243,53129
40830,53130
34592,53133
35209,53192
